<?xml version="1.0" encoding="utf-8"?>
<!DOCTYPE keyboard SYSTEM 'VirtualKeyboardLayout.dtd'>
<keyboard title="mobileCrunch math 1" version="1.0" catalog="math1" language="math">
  <layout type="general">
    <section id="main">
      <row>
        <key>
          <binding label="7"/>
        </key>
        <key>
          <binding label="8"/>
        </key>
        <key>
          <binding label="9"/>
        </key>
        <key>
          <binding label="+"/>
        </key>
        <key style="special">
            <binding action="backspace"/>
        </key>
      </row>
      <row>
        <key>
          <binding label="4"/>
        </key>
        <key>
          <binding label="5"/>
        </key>
        <key>
          <binding label="6"/>
        </key>
        <key>
          <binding label="-"/>
        </key>
        <key>
            <binding label="("/>
        </key>
      </row>
      <row>
        <key>
          <binding label="1"/>
        </key>
        <key>
          <binding label="2"/>
        </key>
        <key>
          <binding label="3"/>
        </key>
        <key>
          <binding label="*"/>
        </key>
        <key>
            <binding label=")"/>
        </key>
      </row>
      <row>
        <key>
          <binding label="."/>
        </key>
        <key>
          <binding label="0"/>
        </key>
        <key>
          <binding label="000"/>
        </key>
        <key>
          <binding label="/"/>
        </key>
        <key>
            <binding label="%"/>
        </key>
      </row>
    </section>
  </layout>
</keyboard>
